0,1,2,3,4,5,6,7,8,9,10,11
1,KGEI,Kolibri Global Energy Inc.,https://stockanalysis.com/stocks/kgei/,0.66,5.82,n/a,2008,"10,436.39%",3.91,"14,602",139.25M
2,ATLX,Atlas Lithium Corporation,https://stockanalysis.com/stocks/atlx/,-3.71,n/a,n/a,2011,"3,361.11%",31.29,"98,972",346.49M
3,AMR,"Alpha Metallurgical Resources, Inc.",https://stockanalysis.com/stocks/amr/,50.00,6.95,$2.00 (0.59%),2016,"2,889.01%",338.23,"95,522",4.48B
4,APLD,Applied Digital Corporation,https://stockanalysis.com/stocks/apld/,-0.57,n/a,n/a,2001,"2,538.24%",6.85,"3,663,687",725.72M
5,IVT,InvenTrust Properties Corp.,https://stockanalysis.com/stocks/ivt/,0.04,644.25,$0.86 (3.37%),2005,"2,242.73%",25.55,"90,861",1.73B
6,DXLG,"Destination XL Group, Inc.",https://stockanalysis.com/stocks/dxlg/,0.48,9.58,n/a,1987,"1,736.00%",4.39,"630,504",263.90M
7,PMN,"ProMIS Neurosciences, Inc.",https://stockanalysis.com/stocks/pmn/,-1.94,n/a,n/a,2004,"1,500.00%",1.17,"29,250",22.10M
8,CEIX,CONSOL Energy Inc.,https://stockanalysis.com/stocks/ceix/,19.99,5.07,$2.20 (2.19%),2017,"1,443.53%",100.76,"234,930",3.12B
9,SGML,Sigma Lithium Corporation,https://stockanalysis.com/stocks/sgml/,-1.06,n/a,n/a,2011,"1,355.13%",31.25,"471,624",3.42B
10,HDSN,"Hudson Technologies, Inc.",https://stockanalysis.com/stocks/hdsn/,1.13,11.82,n/a,1994,"1,184.62%",13.50,"82,858",614.28M
11,RCMT,"RCM Technologies, Inc.",https://stockanalysis.com/stocks/rcmt/,1.82,15.99,n/a,1971,"1,150.22%",28.97,"62,429",227.14M
12,VIST,"Vista Energy, SAB de CV",https://stockanalysis.com/stocks/vist/,3.53,8.25,n/a,2019,"1,017.24%",29.64,"222,620",2.82B
13,AEHR,Aehr Test Systems,https://stockanalysis.com/stocks/aehr/,0.64,40.73,n/a,1997,997.07%,26.43,"808,537",760.71M
14,OBE,Obsidian Energy Ltd.,https://stockanalysis.com/stocks/obe/,6.34,1.08,n/a,1979,981.10%,6.83,"181,174",540.73M
15,BTU,Peabody Energy Corporation,https://stockanalysis.com/stocks/btu/,7.65,3.19,$0.30 (1.24%),2016,963.00%,24.28,"1,811,506",3.18B
16,SMCI,"Super Micro Computer, Inc.",https://stockanalysis.com/stocks/smci/,10.85,26.23,n/a,2007,837.44%,285.12,"1,578,972",15.84B
17,PR,Permian Resources Corporation,https://stockanalysis.com/stocks/pr/,0.90,15.21,$0.37 (2.69%),2016,823.65%,13.66,"6,112,157",10.54B
18,TDW,Tidewater Inc.,https://stockanalysis.com/stocks/tdw/,1.40,51.64,n/a,1956,724.35%,72.08,"404,337",3.77B
19,JAKK,"JAKKS Pacific, Inc.",https://stockanalysis.com/stocks/jakk/,8.21,4.46,n/a,1996,614.37%,35.45,"69,571",357.80M
20,HNRG,Hallador Energy Company,https://stockanalysis.com/stocks/hnrg/,2.45,3.58,n/a,1949,582.17%,8.81,"289,327",291.98M
1,KGEI,Kolibri Global Energy Inc.,https://stockanalysis.com/stocks/kgei/,0.66,5.82,n/a,2008,574.32%,10.90,"49,736",247.24M
22,SM,SM Energy Company,https://stockanalysis.com/stocks/sm/,6.84,5.69,$0.60 (1.54%),1992,567.86%,38.98,"414,770",4.53B
23,DDS,"Dillard's, Inc.",https://stockanalysis.com/stocks/dds/,46.08,8.77,$0.90 (0.22%),1938,557.64%,404.33,"36,610",6.57B
24,PBF,PBF Energy Inc.,https://stockanalysis.com/stocks/pbf/,21.66,2.05,$1.00 (2.27%),2012,553.54%,44.02,"671,414",5.38B
25,TGLS,Tecnoglass Inc.,https://stockanalysis.com/stocks/tgls/,4.24,10.84,$0.36 (0.78%),2012,543.06%,45.94,"126,950",2.19B
26,JILL,"J.Jill, Inc.",https://stockanalysis.com/stocks/jill/,2.24,11.58,n/a,2017,534.80%,26.01,"94,783",275.78M
27,ELF,"e.l.f. Beauty, Inc.",https://stockanalysis.com/stocks/elf/,2.14,67.66,n/a,2016,522.79%,145.06,"362,032",8.01B
28,BTE,Baytex Energy Corp.,https://stockanalysis.com/stocks/bte/,0.93,3.56,$0.07 (2.02%),1993,520.48%,3.32,"6,671,976",2.81B
29,BVH,Bluegreen Vacations Holding Corporation,https://stockanalysis.com/stocks/bvh/,3.73,20.13,$0.80 (1.07%),1966,508.04%,75.08,"66,004",1.28B
30,METC,"Ramaco Resources, Inc.",https://stockanalysis.com/stocks/metc/,1.44,11.93,$0.55 (3.22%),2017,502.10%,17.08,"733,135",867.68M
31,ESEA,Euroseas Ltd.,https://stockanalysis.com/stocks/esea/,15.82,1.97,$2.00 (6.40%),2006,497.64%,31.23,"30,117",217.85M
32,TH,Target Hospitality Corp.,https://stockanalysis.com/stocks/th/,1.55,6.28,n/a,James Bradley Archer,478.40%,9.72,"237,633",985.10M
33,BBW,"Build-A-Bear Workshop, Inc.",https://stockanalysis.com/stocks/bbw/,3.45,6.55,n/a,2004,462.25%,22.91,"246,230",328.32M
34,LWLG,"Lightwave Logic, Inc.",https://stockanalysis.com/stocks/lwlg/,-0.18,n/a,n/a,1991,462.11%,5.04,"626,643",588.53M
35,SSNT,"SilverSun Technologies, Inc.",https://stockanalysis.com/stocks/ssnt/,-0.28,n/a,$0.20 (1.15%),1988,457.88%,17.46,"556,223",89.36M
36,MLTX,MoonLake Immunotherapeutics,https://stockanalysis.com/stocks/mltx/,-1.07,n/a,n/a,2021,457.53%,61.10,"300,194",3.66B
37,SBOW,"SilverBow Resources, Inc.",https://stockanalysis.com/stocks/sbow/,14.60,1.97,n/a,1979,448.66%,28.92,"198,122",737.33M
38,GSAT,"Globalstar, Inc.",https://stockanalysis.com/stocks/gsat/,-0.01,n/a,n/a,2006,446.48%,1.94,"3,593,417",3.69B
39,CLMT,"Calumet Specialty Products Partners, L.P.",https://stockanalysis.com/stocks/clmt/,0.52,34.21,n/a,2006,436.34%,17.80,"94,175",1.42B
40,STNG,Scorpio Tankers Inc.,https://stockanalysis.com/stocks/stng/,11.89,5.05,$1.40 (2.30%),2010,426.24%,60.99,"640,985",3.35B
21,EP,Empire Petroleum Corporation,https://stockanalysis.com/stocks/ep/,-0.45,n/a,n/a,1983,417.05%,4.52,"541,604",586.66M
42,TMST,TimkenSteel Corporation,https://stockanalysis.com/stocks/tmst/,0.82,28.54,n/a,1899,413.12%,23.67,"115,817",1.02B
43,ZEUS,"Olympic Steel, Inc.",https://stockanalysis.com/stocks/zeus/,3.55,18.81,$0.50 (0.74%),1994,412.61%,67.20,"65,012",749.05M
44,EDN,Empresa Distribuidora y Comercializadora Norte SA,https://stockanalysis.com/stocks/edn/,-0.49,8.66,n/a,2007,411.55%,19.34,"44,698",1.07B
45,VTNR,"Vertex Energy, Inc.",https://stockanalysis.com/stocks/vtnr/,0.47,7.28,n/a,Benjamin P. Cowart,408.70%,3.39,"1,484,815",317.48M
46,CPRX,"Catalyst Pharmaceuticals, Inc.",https://stockanalysis.com/stocks/cprx/,0.53,31.75,n/a,2006,399.11%,16.91,"410,108",1.80B
47,MOD,Modine Manufacturing Company,https://stockanalysis.com/stocks/mod/,3.88,15.52,n/a,1916,393.53%,60.51,"269,280",3.16B
48,ARLP,"Alliance Resource Partners, L.P.",https://stockanalysis.com/stocks/arlp/,5.56,3.77,$2.80 (13.25%),1999,391.16%,21.14,"376,001",2.69B
49,ERF,Enerplus Corporation,https://stockanalysis.com/stocks/erf/,2.20,6.99,$0.24 (1.56%),1999,389.94%,15.35,"961,921",3.15B
50,ICCM,IceCure Medical Ltd,https://stockanalysis.com/stocks/iccm/,-0.36,n/a,n/a,2006,381.82%,1.07,"256,376",58.07M
51,ESOA,Energy Services of America Corporation,https://stockanalysis.com/stocks/esoa/,0.20,28.90,$0.06 (1.03%),2006,381.67%,5.85,"104,148",96.92M
52,BORR,Borr Drilling Limited,https://stockanalysis.com/stocks/borr/,0.01,750.00,n/a,2019,379.81%,7.39,"685,400",1.94B
53,MTDR,Matador Resources Company,https://stockanalysis.com/stocks/mtdr/,7.03,8.18,$0.80 (1.39%),2012,378.68%,57.47,"688,897",6.85B
54,CAR,"Avis Budget Group, Inc.",https://stockanalysis.com/stocks/car/,46.35,3.87,n/a,1946,375.07%,177.97,"229,689",6.45B
55,RRC,Range Resources Corporation,https://stockanalysis.com/stocks/rrc/,5.51,5.60,$0.32 (1.05%),1976,374.31%,30.53,"947,376",7.37B
56,BGI,Birks Group Inc.,https://stockanalysis.com/stocks/bgi/,-0.28,n/a,n/a,2005,373.33%,4.55,"65,443",84.29M
57,LXU,"LSB Industries, Inc.",https://stockanalysis.com/stocks/lxu/,1.26,7.40,n/a,1969,367.62%,9.37,"208,908",696.98M
58,LQDA,Liquidia Corporation,https://stockanalysis.com/stocks/lqda/,-0.87,n/a,n/a,2018,364.23%,12.10,"536,302",827.60M
59,VIRC,Virco Mfg. Corporation,https://stockanalysis.com/stocks/virc/,1.75,6.97,$0.08 (0.66%),1950,363.01%,12.20,"225,935",199.27M
60,ACLS,"Axcelis Technologies, Inc.",https://stockanalysis.com/stocks/acls/,6.99,18.55,n/a,2000,358.12%,129.77,"224,776",4.25B
41,TTI,"TETRA Technologies, Inc.",https://stockanalysis.com/stocks/tti/,0.21,21.67,n/a,1990,356.81%,88.41,"191,392",2.72B
62,TNK,Teekay Tankers Ltd.,https://stockanalysis.com/stocks/tnk/,15.89,3.15,$1.00 (2.00%),2007,353.99%,50.05,"219,541",1.71B
63,LNTH,"Lantheus Holdings, Inc.",https://stockanalysis.com/stocks/lnth/,1.49,41.95,n/a,2015,349.86%,62.27,"386,533",4.26B
64,SD,"SandRidge Energy, Inc.",https://stockanalysis.com/stocks/sd/,4.42,3.10,$0.40 (2.92%),2007,349.19%,13.72,"241,529",508.52M
65,CHRD,Chord Energy Corporation,https://stockanalysis.com/stocks/chrd/,22.16,7.53,$1.25 (0.75%),2010,348.69%,167.22,"155,872",6.90B
66,IMGN,"ImmunoGen, Inc.",https://stockanalysis.com/stocks/imgn/,-0.31,n/a,n/a,1989,346.62%,29.69,"2,649,036",8.28B
67,AMPY,Amplify Energy Corp.,https://stockanalysis.com/stocks/ampy/,9.33,0.64,n/a,2011,346.62%,5.93,"345,504",231.65M
68,CHS,"Chico's FAS, Inc.",https://stockanalysis.com/stocks/chs/,0.91,8.34,n/a,1993,346.18%,7.59,"773,639",935.80M
69,HOV,"Hovnanian Enterprises, Inc.",https://stockanalysis.com/stocks/hov/,26.88,5.83,n/a,1959,345.63%,156.73,"39,947",944.69M
70,ASC,Ardmore Shipping Corporation,https://stockanalysis.com/stocks/asc/,3.40,4.16,$0.64 (4.53%),2013,343.38%,14.12,"444,901",583.35M
71,BELFB,Bel Fuse Inc.,https://stockanalysis.com/stocks/belfb/,5.69,11.85,$0.28 (0.42%),1949,341.13%,67.01,"65,930",851.01M
72,AR,Antero Resources Corporation,https://stockanalysis.com/stocks/ar/,2.75,8.33,n/a,2013,334.89%,22.68,"2,646,654",6.82B
73,ANF,Abercrombie & Fitch Co.,https://stockanalysis.com/stocks/anf/,4.00,21.88,n/a,1996,334.34%,87.78,"816,469",4.42B
74,GSM,Ferroglobe PLC,https://stockanalysis.com/stocks/gsm/,0.50,13.41,n/a,2015,333.55%,6.55,"1,172,517",1.23B
75,EYPT,"EyePoint Pharmaceuticals, Inc.",https://stockanalysis.com/stocks/eypt/,-2.66,n/a,n/a,2005,330.04%,22.99,"396,344",811.06M
76,TMDX,"TransMedics Group, Inc.",https://stockanalysis.com/stocks/tmdx/,-1.09,n/a,n/a,2019,326.96%,79.36,"220,403",2.60B
77,NOG,"Northern Oil and Gas, Inc.",https://stockanalysis.com/stocks/nog/,8.14,4.57,$1.60 (4.30%),Nicholas L. O'Grady,324.97%,37.25,"628,173",3.74B
78,PBT,Permian Basin Royalty Trust,https://stockanalysis.com/stocks/pbt/,0.62,22.73,$0.60 (4.27%),1980,324.11%,14.05,"261,143",653.29M
79,TRMD,TORM plc,https://stockanalysis.com/stocks/trmd/,8.10,3.75,$5.84 (19.21%),1889,323.78%,30.41,"306,449",2.61B
80,CYTK,"Cytokinetics, Incorporated",https://stockanalysis.com/stocks/cytk/,-5.55,n/a,n/a,2004,323.08%,86.45,"4,079,532",8.48B
61,STRL,"Sterling Infrastructure, Inc.",https://stockanalysis.com/stocks/strl/,4.19,20.98,n/a,1955,322.78%,65.46,"81,755",692.84M
82,SMID,Smith-Midland Corporation,https://stockanalysis.com/stocks/smid/,0.11,359.96,n/a,1995,317.22%,39.90,"31,932",209.78M
83,CAAP,Corporación América Airports S.A.,https://stockanalysis.com/stocks/caap/,0.97,16.67,n/a,2018,308.33%,16.11,"46,643",2.58B
84,ARCH,"Arch Resources, Inc.",https://stockanalysis.com/stocks/arch/,40.85,4.06,$10.66 (6.43%),1988,302.59%,165.77,"57,585",3.05B
85,CELH,"Celsius Holdings, Inc.",https://stockanalysis.com/stocks/celh/,0.48,114.13,n/a,2004,301.41%,54.53,"1,720,443",12.63B
86,SIG,Signet Jewelers Limited,https://stockanalysis.com/stocks/sig/,8.39,12.82,$0.92 (0.85%),1950,301.37%,107.36,"277,317",4.76B
87,ATKR,Atkore Inc.,https://stockanalysis.com/stocks/atkr/,17.27,9.39,n/a,2016,300.61%,160.61,"169,471",5.97B
88,RMBS,Rambus Inc.,https://stockanalysis.com/stocks/rmbs/,2.61,26.21,n/a,1997,298.95%,68.71,"471,198",7.39B
89,BLDR,"Builders FirstSource, Inc.",https://stockanalysis.com/stocks/bldr/,12.00,14.01,n/a,2005,298.33%,167.62,"445,334",20.68B
90,KRUS,"Kura Sushi USA, Inc.",https://stockanalysis.com/stocks/krus/,0.14,543.86,n/a,2019,296.80%,75.98,"31,049",847.80M
91,FIX,"Comfort Systems USA, Inc.",https://stockanalysis.com/stocks/fix/,7.99,25.98,$1.00 (0.48%),1997,293.28%,207.59,"79,072",7.40B
92,BXC,BlueLinx Holdings Inc.,https://stockanalysis.com/stocks/bxc/,11.04,10.27,n/a,2004,292.19%,114.08,"61,765",1.00B
93,CBAY,"CymaBay Therapeutics, Inc.",https://stockanalysis.com/stocks/cbay/,-0.93,n/a,n/a,Sujal A. Shah,289.45%,23.81,"1,064,744",2.70B
94,NVDA,NVIDIA Corporation,https://stockanalysis.com/stocks/nvda/,7.58,65.64,$0.16 (0.03%),1999,285.26%,497.38,"33,218,924","1,228.09B"
95,CLS,Celestica Inc.,https://stockanalysis.com/stocks/cls/,1.68,17.61,n/a,1998,282.79%,29.41,"540,477",4.06B
96,OPXS,"Optex Systems Holdings, Inc",https://stockanalysis.com/stocks/opxs/,0.34,18.73,n/a,1987,280.00%,6.46,"49,178",43.69M
97,GNE,Genie Energy Ltd.,https://stockanalysis.com/stocks/gne/,2.25,12.74,$0.30 (1.07%),Michael M. Stein,279.87%,28.13,"148,195",770.71M
98,SVRA,Savara Inc.,https://stockanalysis.com/stocks/svra/,-0.31,n/a,n/a,"Matthew Pauls J.D., M.B.A.",279.44%,4.76,"338,511",644.90M
99,UFPT,"UFP Technologies, Inc.",https://stockanalysis.com/stocks/ufpt/,5.42,31.69,n/a,1993,277.51%,172.84,"22,385",1.32B
100,LPG,Dorian LPG Ltd.,https://stockanalysis.com/stocks/lpg/,6.33,7.00,$4.00 (9.11%),2014,274.66%,43.90,"395,881",1.78B
81,UAN,"CVR Partners, LP",https://stockanalysis.com/stocks/uan/,24.38,2.73,$26.62 (40.67%),2011,272.33%,18.96,"13,981",697.82M
102,PAM,Pampa Energía S.A.,https://stockanalysis.com/stocks/pam/,0.01,13.64,n/a,1945,268.84%,49.49,"110,929",3.20B
103,LMB,"Limbach Holdings, Inc.",https://stockanalysis.com/stocks/lmb/,1.70,26.91,n/a,2014,268.71%,45.78,"107,088",506.38M
104,MRO,Marathon Oil Corporation,https://stockanalysis.com/stocks/mro/,2.75,8.78,$0.44 (1.82%),1887,267.88%,24.14,"5,624,333",14.12B
105,WIRE,Encore Wire Corporation,https://stockanalysis.com/stocks/wire/,25.67,8.36,$0.08 (0.04%),1992,265.45%,214.51,"37,469",3.38B
106,MPC,Marathon Petroleum Corporation,https://stockanalysis.com/stocks/mpc/,26.77,5.56,$3.30 (2.23%),2011,264.82%,148.28,"1,539,689",56.30B
107,GME,GameStop Corp.,https://stockanalysis.com/stocks/gme/,-0.03,n/a,n/a,2002,264.81%,17.66,"3,326,201",5.40B
108,DFIN,"Donnelley Financial Solutions, Inc.",https://stockanalysis.com/stocks/dfin/,2.72,22.99,n/a,1983,260.06%,62.87,"26,149",1.83B
109,DAC,Danaos Corporation,https://stockanalysis.com/stocks/dac/,28.79,2.55,$3.20 (4.35%),2006,260.01%,73.51,"64,866",1.43B
110,CIVI,"Civitas Resources, Inc.",https://stockanalysis.com/stocks/civi/,9.02,7.65,$5.01 (7.27%),2011,258.72%,68.88,"437,786",6.46B
111,QUIK,QuickLogic Corporation,https://stockanalysis.com/stocks/quik/,-0.28,n/a,n/a,1997,257.03%,13.83,"62,626",193.21M
112,MUR,Murphy Oil Corporation,https://stockanalysis.com/stocks/mur/,4.74,9.09,$1.10 (2.57%),Roger W. Jenkins,253.77%,42.81,"620,902",6.61B
113,PFMT,Performant Financial Corporation,https://stockanalysis.com/stocks/pfmt/,-0.12,n/a,n/a,2012,253.33%,3.18,"153,211",244.08M
114,NR,"Newpark Resources, Inc.",https://stockanalysis.com/stocks/nr/,0.27,24.63,n/a,1932,251.85%,6.65,"402,218",565.84M
115,COKE,"Coca-Cola Consolidated, Inc.",https://stockanalysis.com/stocks/coke/,48.00,19.37,$1.50 (0.16%),J. Frank Harrison III,250.92%,932.38,"17,092",8.73B
116,YPF,YPF SA,https://stockanalysis.com/stocks/ypf/,5.67,21.75,n/a,1993,249.39%,17.21,"1,493,825",7.86B
117,LLY,Eli Lilly and Company,https://stockanalysis.com/stocks/lly/,5.52,105.92,$5.20 (0.89%),1876,249.10%,582.68,"1,032,746",553.15B
118,FLNG,FLEX LNG Ltd.,https://stockanalysis.com/stocks/flng/,2.64,11.06,$3.37 (11.62%),2006,246.31%,28.99,"189,447",1.56B
119,OXY,Occidental Petroleum Corporation,https://stockanalysis.com/stocks/oxy/,4.59,13.04,$0.72 (1.21%),1920,245.82%,59.67,"4,233,295",52.36B
120,PDS,Precision Drilling Corporation,https://stockanalysis.com/stocks/pds/,6.76,8.06,n/a,"Kevin A. Neveu B.Sc., P.Eng",241.14%,54.31,"38,247",792.26M
101,TIPT,Tiptree Inc.,https://stockanalysis.com/stocks/tipt/,0.20,93.90,$0.20 (1.06%),2007,240.74%,6.45,"4,251,022",2.53B
122,CEPU,Central Puerto S.A.,https://stockanalysis.com/stocks/cepu/,0.16,n/a,$0.81 (8.94%),2018,239.54%,9.08,"291,154",1.57B
123,NUE,Nucor Corporation,https://stockanalysis.com/stocks/nue/,19.77,8.80,$2.16 (1.24%),Leon J. Topalian,233.93%,174.37,"471,131",42.84B
124,QRHC,Quest Resource Holding Corporation,https://stockanalysis.com/stocks/qrhc/,-0.41,n/a,n/a,S. Ray Hatch,233.18%,7.36,"12,294",147.64M
125,TK,Teekay Corporation,https://stockanalysis.com/stocks/tk/,1.54,4.81,n/a,1995,232.56%,7.18,"356,987",652.56M
126,TRGP,Targa Resources Corp.,https://stockanalysis.com/stocks/trgp/,3.82,22.60,$2.00 (2.31%),2010,231.43%,86.77,"524,054",19.35B
127,ENLC,"EnLink Midstream, LLC",https://stockanalysis.com/stocks/enlc/,0.63,19.40,$0.50 (4.11%),2013,230.30%,12.18,"602,708",5.56B
128,ANET,"Arista Networks, Inc.",https://stockanalysis.com/stocks/anet/,6.00,39.18,n/a,2014,228.33%,235.90,"464,170",73.40B
129,TRNS,"Transcat, Inc.",https://stockanalysis.com/stocks/trns/,1.13,97.43,n/a,1964,227.56%,110.46,"16,364",975.48M
130,ONTO,Onto Innovation Inc.,https://stockanalysis.com/stocks/onto/,3.19,48.37,n/a,1940,227.43%,153.98,"66,530",7.56B
131,CUBI,"Customers Bancorp, Inc.",https://stockanalysis.com/stocks/cubi/,6.31,9.44,n/a,2012,227.38%,58.26,"141,547",1.83B
132,EDRY,EuroDry Ltd.,https://stockanalysis.com/stocks/edry/,1.10,18.07,n/a,2018,227.35%,19.19,"11,643",52.77M
133,VKTX,"Viking Therapeutics, Inc.",https://stockanalysis.com/stocks/vktx/,-0.93,n/a,n/a,2015,227.17%,18.60,"1,798,579",1.86B
134,FANG,"Diamondback Energy, Inc.",https://stockanalysis.com/stocks/fang/,17.62,8.82,$0.84 (0.54%),2012,226.12%,155.07,"681,599",27.76B
135,CAMT,Camtek Ltd.,https://stockanalysis.com/stocks/camt/,1.65,42.31,n/a,2000,223.94%,69.72,"223,546",3.13B
136,STLD,"Steel Dynamics, Inc.",https://stockanalysis.com/stocks/stld/,15.69,7.57,$1.70 (1.44%),1996,223.89%,118.29,"471,898",19.12B
137,XENE,Xenon Pharmaceuticals Inc.,https://stockanalysis.com/stocks/xene/,-2.65,n/a,n/a,2014,221.93%,46.23,"346,812",3.42B
138,CCJ,Cameco Corporation,https://stockanalysis.com/stocks/ccj/,0.17,259.20,$0.09 (0.20%),Timothy S. Gitzel,220.37%,43.20,"1,983,445",18.74B
139,FRO,Frontline Ltd.,https://stockanalysis.com/stocks/fro/,3.52,5.67,$2.87 (14.32%),Lars H. Barstad,218.50%,20.04,"1,427,207",4.46B
140,SAVA,"Cassava Sciences, Inc.",https://stockanalysis.com/stocks/sava/,-2.29,n/a,n/a,1998,217.71%,22.37,"497,047",944.70M
121,UEC,Uranium Energy Corp.,https://stockanalysis.com/stocks/uec/,0.01,645.50,n/a,Amir Adnani,216.76%,66.18,"625,241",4.91B
142,OVV,Ovintiv Inc.,https://stockanalysis.com/stocks/ovv/,10.02,4.44,$1.20 (2.73%),Brendan Michael McCracken,215.46%,43.96,"783,332",12.00B
143,SB,"Safe Bulkers, Inc.",https://stockanalysis.com/stocks/sb/,1.36,6.02,$0.20 (5.10%),2008,212.60%,3.92,"1,125,513",437.70M
144,CVLG,"Covenant Logistics Group, Inc.",https://stockanalysis.com/stocks/cvlg/,3.98,11.61,$0.44 (0.95%),1994,212.07%,46.23,"29,159",598.53M
145,EVTV,"Envirotech Vehicles, Inc.",https://stockanalysis.com/stocks/evtv/,-3.19,n/a,n/a,2017,211.91%,1.33,"18,994",20.62M
146,EQT,EQT Corporation,https://stockanalysis.com/stocks/eqt/,7.34,5.29,$0.63 (1.63%),1925,211.56%,38.72,"1,246,350",15.93B
147,AMPH,"Amphastar Pharmaceuticals, Inc.",https://stockanalysis.com/stocks/amph/,2.55,24.10,n/a,2014,210.75%,61.97,"269,338",2.97B
148,KRTX,"Karuna Therapeutics, Inc.",https://stockanalysis.com/stocks/krtx/,-10.93,n/a,n/a,2019,210.30%,316.43,"885,420",11.99B
149,PANL,"Pangaea Logistics Solutions, Ltd.",https://stockanalysis.com/stocks/panl/,0.89,9.25,$0.40 (4.86%),1996,209.81%,8.23,"219,152",382.37M
150,HRB,"H&R Block, Inc.",https://stockanalysis.com/stocks/hrb/,3.48,13.99,$1.28 (2.65%),1955,209.49%,48.36,"385,458",6.96B
151,TWI,"Titan International, Inc.",https://stockanalysis.com/stocks/twi/,1.95,7.57,n/a,1993,208.20%,14.96,"141,213",925.87M
152,JBL,Jabil Inc.,https://stockanalysis.com/stocks/jbl/,5.86,21.64,$0.32 (0.25%),1993,205.76%,128.02,"1,027,447",16.46B
153,PWR,"Quanta Services, Inc.",https://stockanalysis.com/stocks/pwr/,4.69,45.98,$0.36 (0.17%),1998,204.99%,215.96,"209,206",31.38B
154,MHO,"M/I Homes, Inc.",https://stockanalysis.com/stocks/mho/,17.23,8.04,n/a,1986,204.61%,138.60,"126,324",3.86B
155,HCC,"Warrior Met Coal, Inc.",https://stockanalysis.com/stocks/hcc/,8.65,7.06,$0.28 (0.46%),2017,203.31%,61.30,"127,743",3.19B
156,CPG,Crescent Point Energy Corp.,https://stockanalysis.com/stocks/cpg/,-1.20,n/a,$0.36 (5.18%),Craig Bryksa,203.04%,6.95,"2,318,225",4.35B
157,VOC,VOC Energy Trust,https://stockanalysis.com/stocks/voc/,-0.26,n/a,$0.90 (12.38%),2011,202.91%,7.27,"44,661",123.59M
158,EOLS,"Evolus, Inc.",https://stockanalysis.com/stocks/eols/,-1.12,n/a,n/a,2018,201.47%,10.40,"183,332",593.80M
159,MGY,Magnolia Oil & Gas Corporation,https://stockanalysis.com/stocks/mgy/,2.72,7.84,$0.46 (2.16%),2017,200.91%,21.34,"1,009,313",4.42B
160,POWL,"Powell Industries, Inc.",https://stockanalysis.com/stocks/powl/,4.50,19.31,$1.05 (1.19%),1947,200.53%,88.59,"48,119",1.06B
141,ASO,"Academy Sports and Outdoors, Inc.",https://stockanalysis.com/stocks/aso/,6.46,10.26,$0.36 (0.54%),2020,200.05%,61.54,"119,373",3.21B
162,NMM,Navios Maritime Partners L.P.,https://stockanalysis.com/stocks/nmm/,14.41,2.05,$0.20 (0.71%),2007,199.36%,28.01,"74,421",845.47M
163,DVAX,Dynavax Technologies Corporation,https://stockanalysis.com/stocks/dvax/,0.40,35.45,n/a,2004,198.72%,13.99,"476,700",1.81B
164,IMO,Imperial Oil Limited,https://stockanalysis.com/stocks/imo/,6.71,8.40,$1.48 (2.60%),1880,198.42%,57.03,"166,940",30.59B
165,EGLE,Eagle Bulk Shipping Inc.,https://stockanalysis.com/stocks/egle/,2.61,21.23,$1.38 (2.49%),2005,197.46%,55.42,"76,206",550.44M
166,CECO,CECO Environmental Corp.,https://stockanalysis.com/stocks/ceco/,0.50,40.63,n/a,1966,196.81%,20.32,"83,916",703.23M
167,COP,Conoco Phillips,https://stockanalysis.com/stocks/cop/,9.18,12.65,$2.32 (2.00%),1917,196.72%,116.04,"2,032,462",137.75B
168,SCX,The L.S. Starrett Company,https://stockanalysis.com/stocks/scx/,3.04,4.03,n/a,1880,196.72%,12.08,"14,223",89.20M
169,PRTA,Prothena Corporation plc,https://stockanalysis.com/stocks/prta/,-1.38,n/a,n/a,2012,196.43%,36.50,"422,996",1.96B
170,RYI,Ryerson Holding Corporation,https://stockanalysis.com/stocks/ryi/,2.76,12.63,$0.74 (2.12%),1842,196.39%,34.99,"62,360",1.20B
171,X,United States Steel Corporation,https://stockanalysis.com/stocks/x/,4.65,10.50,$0.20 (0.41%),1901,196.38%,48.79,"2,393,556",10.89B
172,CWCO,Consolidated Water Co. Ltd.,https://stockanalysis.com/stocks/cwco/,1.34,26.51,$0.38 (1.06%),1973,196.08%,35.75,"91,818",563.13M
173,DVN,Devon Energy Corporation,https://stockanalysis.com/stocks/dvn/,5.86,7.70,$0.80 (1.77%),1971,195.30%,45.15,"5,754,981",28.93B
174,TROO,"TROOPS, Inc.",https://stockanalysis.com/stocks/troo/,-0.01,n/a,n/a,2005,194.29%,2.99,"12,997",307.84M
175,ANVS,"Annovis Bio, Inc.",https://stockanalysis.com/stocks/anvs/,-4.27,n/a,n/a,2020,194.24%,18.91,"329,922",194.06M
176,VRNA,Verona Pharma plc,https://stockanalysis.com/stocks/vrna/,-0.56,n/a,n/a,2017,193.54%,20.02,"632,939",1.60B
177,NVO,Novo Nordisk A/S,https://stockanalysis.com/stocks/nvo/,2.48,41.85,$0.74 (0.71%),1923,192.82%,103.48,"1,698,423",460.22B
178,TBBK,"The Bancorp, Inc.",https://stockanalysis.com/stocks/tbbk/,3.40,11.66,n/a,2004,192.76%,38.98,"137,175",2.09B
179,VAL,Valaris Limited,https://stockanalysis.com/stocks/val/,0.77,89.97,n/a,Anton Dibowitz,192.74%,68.45,"257,445",4.99B
180,KOS,Kosmos Energy Ltd.,https://stockanalysis.com/stocks/kos/,0.16,42.66,n/a,2011,192.17%,6.72,"1,425,070",3.09B
161,GFF,Griffon Corporation,https://stockanalysis.com/stocks/gff/,1.42,43.28,$0.60 (0.98%),1959,191.74%,6.36,"6,019,483",5.15B
182,DMLP,"Dorchester Minerals, L.P.",https://stockanalysis.com/stocks/dmlp/,2.65,12.04,$3.38 (10.58%),2003,190.73%,31.96,"27,976",1.26B
183,RELL,"Richardson Electronics, Ltd.",https://stockanalysis.com/stocks/rell/,1.20,11.28,$0.24 (1.80%),1947,190.00%,13.37,"23,574",190.83M
184,LNG,"Cheniere Energy, Inc.",https://stockanalysis.com/stocks/lng/,50.32,3.39,$1.74 (1.02%),1997,189.76%,170.57,"490,503",40.63B
185,FTI,TechnipFMC plc,https://stockanalysis.com/stocks/fti/,-0.08,n/a,$0.20 (0.99%),Douglas J. Pferdehirt,189.24%,20.20,"1,901,291",8.80B
186,RNGR,"Ranger Energy Services, Inc.",https://stockanalysis.com/stocks/rngr/,1.19,8.59,$0.20 (1.96%),2017,187.92%,10.22,"112,653",249.74M
187,PLAB,"Photronics, Inc.",https://stockanalysis.com/stocks/plab/,2.03,15.52,n/a,1987,186.83%,31.46,"277,288",1.97B
188,UONEK,"Urban One, Inc.",https://stockanalysis.com/stocks/uonek/,0.24,15.58,n/a,1980,185.47%,3.40,"66,545",171.28M
189,IT,"Gartner, Inc.",https://stockanalysis.com/stocks/it/,11.61,38.84,n/a,1993,184.07%,451.53,"124,754",35.20B
190,LRN,"Stride, Inc.",https://stockanalysis.com/stocks/lrn/,3.61,16.45,n/a,2007,182.27%,59.63,"180,707",2.58B
191,ELTK,Eltek Ltd.,https://stockanalysis.com/stocks/eltk/,0.99,14.01,$0.22 (1.58%),1997,181.91%,13.84,"66,313",81.08M
192,ARCB,ArcBest Corporation,https://stockanalysis.com/stocks/arcb/,7.41,16.46,$0.48 (0.40%),1923,181.89%,120.61,"74,788",2.85B
193,ATI,ATI Inc.,https://stockanalysis.com/stocks/ati/,2.06,22.19,n/a,1960,181.85%,45.64,"355,762",5.82B
194,CNQ,Canadian Natural Resources Limited,https://stockanalysis.com/stocks/cnq/,4.88,13.46,$2.94 (4.48%),1976,181.40%,65.59,"877,234",71.00B
195,ERJ,Embraer S.A.,https://stockanalysis.com/stocks/erj/,-1.00,n/a,n/a,2000,180.91%,18.52,"223,365",3.40B
196,VET,Vermilion Energy Inc.,https://stockanalysis.com/stocks/vet/,4.32,2.81,$0.30 (2.50%),1994,180.83%,12.12,"722,936",1.98B
197,IDYA,"IDEAYA Biosciences, Inc.",https://stockanalysis.com/stocks/idya/,-1.99,n/a,n/a,2019,180.36%,36.06,"394,126",2.32B
198,INSW,"International Seaways, Inc.",https://stockanalysis.com/stocks/insw/,12.94,3.48,$6.29 (13.77%),Ms. Lois K. Zabrocky,178.63%,45.63,"248,056",2.23B
199,CVE,Cenovus Energy Inc.,https://stockanalysis.com/stocks/cve/,1.62,10.31,$0.42 (2.50%),2009,177.92%,16.68,"4,059,248",31.63B
200,GASS,StealthGas Inc.,https://stockanalysis.com/stocks/gass/,1.32,4.88,n/a,2005,177.59%,6.53,"77,980",230.22M
181,RIG,Transocean Ltd.,https://stockanalysis.com/stocks/rig/,-1.64,n/a,n/a,1993,177.23%,160.96,"123,596",10.80B
202,GMS,GMS Inc.,https://stockanalysis.com/stocks/gms/,7.40,11.24,n/a,2016,176.49%,83.19,"57,056",3.31B
203,TGS,Transportadora de Gas del Sur S.A.,https://stockanalysis.com/stocks/tgs/,0.27,214.36,n/a,1992,175.28%,15.06,"113,623",2.67B
204,HES,Hess Corporation,https://stockanalysis.com/stocks/hes/,4.77,30.29,$1.75 (1.21%),1920,174.76%,144.46,"1,527,613",44.37B
205,MLI,"Mueller Industries, Inc.",https://stockanalysis.com/stocks/mli/,5.50,8.67,$1.05 (2.22%),1917,173.52%,47.41,"163,358",5.38B
206,PARR,"Par Pacific Holdings, Inc.",https://stockanalysis.com/stocks/parr/,8.58,4.26,n/a,1984,173.47%,36.54,"512,475",2.21B
207,VNOM,Viper Energy Partners LP,https://stockanalysis.com/stocks/vnom/,2.30,13.61,$1.73 (5.51%),2014,172.97%,31.47,"559,212",5.60B
208,HWKN,"Hawkins, Inc.",https://stockanalysis.com/stocks/hwkn/,3.28,21.74,$0.64 (0.90%),1938,172.64%,70.81,"49,531",1.48B
209,SKT,"Tanger Factory Outlet Centers, Inc.",https://stockanalysis.com/stocks/skt/,0.88,31.74,$1.04 (3.73%),1993,172.60%,27.90,"278,999",2.94B
210,MUSA,Murphy USA Inc.,https://stockanalysis.com/stocks/musa/,24.30,14.65,$1.64 (0.46%),1996,171.41%,356.80,"73,388",7.59B
211,OII,"Oceaneering International, Inc.",https://stockanalysis.com/stocks/oii/,0.75,28.44,n/a,1964,171.27%,21.30,"289,347",2.15B
212,VEL,"Velocity Financial, Inc.",https://stockanalysis.com/stocks/vel/,1.26,13.08,n/a,2020,170.98%,16.91,"45,654",553.36M
213,BCC,Boise Cascade Company,https://stockanalysis.com/stocks/bcc/,12.62,10.26,$0.34 (0.26%),2013,169.72%,130.16,"84,852",5.15B
214,USAP,"Universal Stainless & Alloy Products, Inc.",https://stockanalysis.com/stocks/usap/,-0.17,n/a,n/a,1994,169.07%,20.18,"55,236",183.04M
215,CRNX,"Crinetics Pharmaceuticals, Inc.",https://stockanalysis.com/stocks/crnx/,-3.63,n/a,n/a,2018,167.99%,35.69,"315,853",2.38B
216,NSSC,"Napco Security Technologies, Inc.",https://stockanalysis.com/stocks/nssc/,0.93,37.06,$0.32 (0.93%),1969,167.99%,34.49,"178,843",1.27B
217,IDT,IDT Corporation,https://stockanalysis.com/stocks/idt/,1.45,23.24,n/a,1996,167.22%,34.07,"32,743",856.58M
218,TNP,Tsakos Energy Navigation Limited,https://stockanalysis.com/stocks/tnp/,6.01,1.97,$0.99 (4.48%),1993,166.90%,22.19,"227,310",671.29M
219,ARCO,Arcos Dorados Holdings Inc.,https://stockanalysis.com/stocks/arco/,0.86,14.88,$0.16 (1.26%),2011,166.06%,12.68,"277,578",2.67B
220,MCK,McKesson Corporation,https://stockanalysis.com/stocks/mck/,25.33,18.22,$2.48 (0.54%),1833,165.34%,462.37,"250,211",61.54B
201,PAG,"Penske Automotive Group, Inc.",https://stockanalysis.com/stocks/pag/,16.88,9.56,$3.16 (1.97%),1996,165.10%,83.69,"2,635,276",36.06B
222,TFII,TFI International Inc.,https://stockanalysis.com/stocks/tfii/,6.03,22.56,$1.60 (1.17%),"Alain Bedard CMA, F.C.A., FCPA",164.75%,136.41,"92,109",11.72B
223,CRC,California Resources Corporation,https://stockanalysis.com/stocks/crc/,6.25,8.77,$1.24 (2.26%),2014,162.89%,54.79,"126,830",3.76B
224,HHS,"Harte Hanks, Inc.",https://stockanalysis.com/stocks/hhs/,3.06,2.23,n/a,1923,162.69%,6.90,"10,387",51.46M
225,EXTR,"Extreme Networks, Inc.",https://stockanalysis.com/stocks/extr/,0.70,25.39,n/a,1999,162.50%,17.73,"689,218",2.30B
226,VTSI,"VirTra, Inc.",https://stockanalysis.com/stocks/vtsi/,0.64,14.53,n/a,1993,161.70%,9.43,"302,502",105.40M
227,AVGO,Broadcom Inc.,https://stockanalysis.com/stocks/avgo/,32.98,33.92,$21.00 (1.88%),2009,160.68%,"1,116.89","1,261,380",522.82B
228,EGY,"VAALCO Energy, Inc.",https://stockanalysis.com/stocks/egy/,0.31,14.71,$0.25 (5.56%),1985,160.57%,4.50,"343,865",473.22M
229,VRT,Vertiv Holdings Co,https://stockanalysis.com/stocks/vrt/,0.74,65.43,$0.03 (0.05%),Giordano Albertazzi,159.89%,48.22,"1,912,909",18.40B
230,TGH,Textainer Group Holdings Limited,https://stockanalysis.com/stocks/tgh/,4.87,10.09,$1.20 (2.44%),2007,158.96%,49.26,"134,494",2.01B
231,AGM,Federal Agricultural Mortgage Corporation,https://stockanalysis.com/stocks/agm/,15.44,12.43,$4.40 (2.28%),1987,158.39%,192.64,"22,708",2.05B
232,NVT,nVent Electric plc,https://stockanalysis.com/stocks/nvt/,2.81,21.04,$0.76 (1.28%),1903,158.12%,59.27,"658,688",9.84B
233,MAMA,"Mama's Creations, Inc.",https://stockanalysis.com/stocks/mama/,0.19,25.61,n/a,2010,157.98%,4.88,"229,656",182.75M
234,DKS,"DICK'S Sporting Goods, Inc.",https://stockanalysis.com/stocks/dks/,11.22,13.08,$4.00 (2.72%),1948,157.47%,147.00,"618,493",12.02B
235,NXE,NexGen Energy Ltd.,https://stockanalysis.com/stocks/nxe/,-0.21,n/a,n/a,"Leigh Robert Curyer ACA, BA (Acc)",157.33%,7.03,"3,135,898",3.67B
236,PDX,PIMCO Dynamic Income Strategy Fund,https://stockanalysis.com/stocks/pdx/,n/a,n/a,$0.88 (4.30%),NYSE,157.15%,20.49,"125,938",23.82B
237,GLP,Global Partners LP,https://stockanalysis.com/stocks/glp/,3.89,11.08,$2.74 (6.40%),2005,154.38%,42.83,"223,035",1.45B
238,URI,"United Rentals, Inc.",https://stockanalysis.com/stocks/uri/,34.43,16.81,$5.92 (1.03%),1997,153.43%,574.02,"206,609",38.95B
239,CPE,Callon Petroleum Company,https://stockanalysis.com/stocks/cpe/,7.98,4.15,n/a,1988,153.41%,32.51,"892,243",2.20B
240,FN,Fabrinet,https://stockanalysis.com/stocks/fn/,6.75,28.44,n/a,2010,153.40%,190.95,"200,102",6.93B
221,ON,ON Semiconductor Corporation,https://stockanalysis.com/stocks/on/,4.96,16.86,n/a,2000,153.39%,35.92,"2,285,043",11.01B
242,CCRN,"Cross Country Healthcare, Inc.",https://stockanalysis.com/stocks/ccrn/,2.82,8.08,n/a,1986,152.23%,22.80,"93,353",801.79M
243,HLX,"Helix Energy Solutions Group, Inc.",https://stockanalysis.com/stocks/hlx/,0.14,73.39,n/a,1997,151.46%,10.26,"764,367",1.55B
244,SBLK,Star Bulk Carriers Corp.,https://stockanalysis.com/stocks/sblk/,3.16,6.71,$1.57 (7.39%),Petros Alexandros Pappas,151.25%,21.26,"702,733",1.99B
245,SXC,"SunCoke Energy, Inc.",https://stockanalysis.com/stocks/sxc/,0.65,16.65,$0.40 (3.71%),1960,151.16%,10.79,"183,821",903.31M
246,CMC,Commercial Metals Company,https://stockanalysis.com/stocks/cmc/,7.25,6.91,$0.64 (1.27%),1987,150.87%,50.28,"310,292",5.88B
247,ARES,Ares Management Corporation,https://stockanalysis.com/stocks/ares/,2.17,54.95,$3.08 (2.58%),2014,150.23%,119.34,"211,200",22.16B
248,DNN,Denison Mines Corp.,https://stockanalysis.com/stocks/dnn/,0.05,33.48,n/a,1997,150.00%,1.77,"6,990,785",1.57B
249,CRS,Carpenter Technology Corporation,https://stockanalysis.com/stocks/crs/,2.17,32.66,$0.80 (1.12%),1910,149.91%,71.23,"128,406",3.51B
250,FLR,Fluor Corporation,https://stockanalysis.com/stocks/flr/,1.13,34.77,n/a,1912,149.62%,39.33,"508,062",6.69B
251,GLNG,Golar LNG Limited,https://stockanalysis.com/stocks/glng/,7.25,45.24,$1.00 (4.33%),1946,149.03%,23.08,"404,613",2.42B
252,STN,Stantec Inc.,https://stockanalysis.com/stocks/stn/,2.25,35.56,$0.59 (0.74%),1954,148.62%,80.28,"28,924",9.15B
253,EOG,"EOG Resources, Inc.",https://stockanalysis.com/stocks/eog/,13.47,8.99,$3.39 (2.80%),1985,148.43%,121.02,"929,563",70.57B
254,PANW,"Palo Alto Networks, Inc.",https://stockanalysis.com/stocks/panw/,1.77,166.18,n/a,2012,148.33%,294.48,"1,464,790",92.84B
255,PERI,Perion Network Ltd.,https://stockanalysis.com/stocks/peri/,2.35,13.24,n/a,2006,148.16%,30.97,"192,756",1.46B
256,GRIN,Grindrod Shipping Holdings Ltd.,https://stockanalysis.com/stocks/grin/,-0.51,n/a,$2.72 (30.00%),2018,146.75%,9.04,"21,090",177.97M
257,FCNCA,"First Citizens BancShares, Inc.",https://stockanalysis.com/stocks/fcnca/,766.88,1.86,$3.89 (0.27%),1898,146.10%,"1,423.25","37,742",20.66B
258,SAIA,"Saia, Inc.",https://stockanalysis.com/stocks/saia/,12.59,34.87,n/a,2002,145.27%,439.26,"113,425",11.67B
259,GPI,"Group 1 Automotive, Inc.",https://stockanalysis.com/stocks/gpi/,45.68,6.66,$1.80 (0.59%),1997,144.43%,305.95,"30,819",4.23B
260,ATS,ATS Corporation,https://stockanalysis.com/stocks/ats/,1.11,38.87,n/a,2023,144.15%,43.19,"10,842",4.27B
241,APA,APA Corporation,https://stockanalysis.com/stocks/apa/,5.01,7.16,$1.00 (2.79%),1954,143.93%,145.15,"32,541",2.43B
262,AMRK,"A-Mark Precious Metals, Inc.",https://stockanalysis.com/stocks/amrk/,5.56,5.59,$0.78 (2.60%),1965,143.70%,30.09,"105,656",700.11M
263,SLB,Schlumberger Limited,https://stockanalysis.com/stocks/slb/,2.89,17.98,$1.00 (1.92%),1926,143.12%,52.00,"6,280,623",74.27B
264,HAYN,"Haynes International, Inc.",https://stockanalysis.com/stocks/hayn/,3.26,17.54,$0.88 (1.54%),1912,142.73%,57.28,"31,182",731.31M
265,AGO,Assured Guaranty Ltd.,https://stockanalysis.com/stocks/ago/,7.46,10.04,$1.12 (1.50%),2004,142.61%,74.87,"91,579",4.29B
266,ANDE,"The Andersons, Inc.",https://stockanalysis.com/stocks/ande/,1.71,33.64,$0.76 (1.32%),1947,142.61%,57.55,"59,847",1.94B
267,XOM,Exxon Mobil Corporation,https://stockanalysis.com/stocks/xom/,10.07,9.95,$3.80 (3.80%),1870,142.11%,100.00,"11,800,997",399.74B
268,UROY,Uranium Royalty Corp.,https://stockanalysis.com/stocks/uroy/,0.01,356.55,n/a,2017,142.10%,2.70,"494,583",304.39M
269,BIOX,Bioceres Crop Solutions Corp.,https://stockanalysis.com/stocks/biox/,0.21,62.45,n/a,Dr. Federico Trucco Ph.D.,141.65%,13.78,"47,240",866.27M
270,OSG,"Overseas Shipholding Group, Inc.",https://stockanalysis.com/stocks/osg/,0.62,8.45,n/a,1948,141.48%,5.31,"367,553",384.29M
271,LWAY,"Lifeway Foods, Inc.",https://stockanalysis.com/stocks/lway/,0.55,24.50,n/a,1987,140.98%,13.50,"30,974",198.03M
272,IPAR,"Inter Parfums, Inc.",https://stockanalysis.com/stocks/ipar/,4.95,29.20,$2.50 (1.73%),1988,140.16%,144.75,"55,671",4.62B
273,CRVL,CorVel Corporation,https://stockanalysis.com/stocks/crvl/,4.29,58.56,n/a,1991,139.82%,248.39,"16,543",4.24B
274,TECK,Teck Resources Limited,https://stockanalysis.com/stocks/teck/,3.17,13.31,$0.37 (0.88%),Jonathan H. Price M.B.A.,139.74%,42.22,"1,265,931",21.61B
275,SKY,Skyline Champion Corporation,https://stockanalysis.com/stocks/sky/,4.12,18.16,n/a,2010,139.66%,74.60,"83,933",4.30B
276,VTLE,"Vital Energy, Inc.",https://stockanalysis.com/stocks/vtle/,30.63,1.53,n/a,2011,139.20%,45.63,"566,115",1.59B
277,IRM,Iron Mountain Incorporated,https://stockanalysis.com/stocks/irm/,0.95,73.91,$2.60 (3.71%),1996,138.74%,70.12,"483,022",20.48B
278,CERE,"Cerevel Therapeutics Holdings, Inc.",https://stockanalysis.com/stocks/cere/,-2.50,n/a,n/a,2018,138.70%,42.57,"547,992",7.67B
279,EME,"EMCOR Group, Inc.",https://stockanalysis.com/stocks/eme/,11.44,18.90,$0.72 (0.33%),Anthony J. Guzzi,138.21%,216.51,"88,709",10.19B
280,RS,Reliance Steel & Aluminum Co.,https://stockanalysis.com/stocks/rs/,23.85,11.72,$4.00 (1.43%),1994,137.52%,280.36,"74,343",16.11B
261,MYRG,MYR Group Inc.,https://stockanalysis.com/stocks/myrg/,5.45,26.41,n/a,1891,137.08%,76.78,"114,619",4.68B
282,SBR,Sabine Royalty Trust,https://stockanalysis.com/stocks/sbr/,6.17,11.02,$6.38 (9.41%),1982,136.53%,67.87,"52,511",989.72M
283,NSIT,"Insight Enterprises, Inc.",https://stockanalysis.com/stocks/nsit/,7.26,24.29,n/a,1995,136.49%,177.87,"135,503",5.79B
284,PBPB,Potbelly Corporation,https://stockanalysis.com/stocks/pbpb/,0.16,65.25,n/a,2013,136.17%,10.44,"142,101",306.51M
285,BSM,"Black Stone Minerals, L.P.",https://stockanalysis.com/stocks/bsm/,2.03,7.82,$1.90 (11.95%),2015,136.05%,15.90,"545,612",3.34B
286,BRBR,"BellRing Brands, Inc.",https://stockanalysis.com/stocks/brbr/,1.23,45.36,n/a,2019,135.69%,55.58,"268,759",7.29B
287,CBZ,"CBIZ, Inc.",https://stockanalysis.com/stocks/cbz/,2.43,25.77,n/a,1987,135.23%,62.67,"78,349",3.12B
288,PHM,"PulteGroup, Inc.",https://stockanalysis.com/stocks/phm/,12.25,8.42,$0.80 (0.77%),1950,134.63%,103.47,"550,714",22.32B
289,RES,"RPC, Inc.",https://stockanalysis.com/stocks/res/,1.11,6.59,$0.16 (2.20%),1984,134.51%,7.28,"1,164,124",1.57B
290,PDSB,PDS Biotechnology Corporation,https://stockanalysis.com/stocks/pdsb/,-1.71,n/a,n/a,Dr. Frank K. Bedu-Addo Ph.D.,134.17%,5.02,"504,158",156.16M
291,SFM,"Sprouts Farmers Market, Inc.",https://stockanalysis.com/stocks/sfm/,2.44,19.78,n/a,2013,134.10%,48.26,"648,148",4.90B
292,MBIN,Merchants Bancorp,https://stockanalysis.com/stocks/mbin/,5.17,8.26,$0.32 (0.75%),2017,134.10%,42.71,"35,145",1.85B
293,VLO,Valero Energy Corporation,https://stockanalysis.com/stocks/vlo/,29.29,4.44,$4.08 (3.14%),1980,133.69%,129.74,"1,241,177",44.18B
294,DECK,Deckers Outdoor Corporation,https://stockanalysis.com/stocks/deck/,23.18,29.24,n/a,1993,132.77%,669.79,"135,819",17.23B
295,CLH,"Clean Harbors, Inc.",https://stockanalysis.com/stocks/clh/,6.66,26.08,n/a,1987,132.64%,174.23,"303,407",9.42B
296,CPSS,"Consumer Portfolio Services, Inc.",https://stockanalysis.com/stocks/cpss/,2.12,4.41,n/a,1992,130.84%,9.36,"36,719",196.63M
297,TOL,"Toll Brothers, Inc.",https://stockanalysis.com/stocks/tol/,12.36,8.35,$0.84 (0.81%),1967,130.65%,103.33,"551,734",10.76B
298,CLDX,"Celldex Therapeutics, Inc.",https://stockanalysis.com/stocks/cldx/,-2.65,n/a,n/a,2008,130.59%,39.74,"370,720",2.17B
299,PI,"Impinj, Inc.",https://stockanalysis.com/stocks/pi/,-1.06,n/a,n/a,2016,130.51%,90.61,"156,984",2.45B
300,TPL,Texas Pacific Land Corporation,https://stockanalysis.com/stocks/tpl/,50.98,30.87,$13.00 (0.83%),1888,130.47%,"1,577.23","10,849",12.11B
281,FSS,Federal Signal Corporation,https://stockanalysis.com/stocks/fss/,2.39,32.06,$0.40 (0.52%),1901,130.00%,16.59,"507,464",706.36M
302,ADEA,Adeia Inc.,https://stockanalysis.com/stocks/adea/,1.13,10.93,$0.20 (1.61%),1990,129.57%,12.41,"206,054",1.29B
303,FICO,Fair Isaac Corporation,https://stockanalysis.com/stocks/fico/,16.93,69.31,n/a,1987,129.05%,"1,165.80","58,702",28.81B
304,LEU,Centrus Energy Corp.,https://stockanalysis.com/stocks/leu/,3.14,17.44,n/a,1998,129.01%,54.61,"89,659",847.54M
305,REI,"Ring Energy, Inc.",https://stockanalysis.com/stocks/rei/,0.34,4.31,n/a,2004,128.89%,1.47,"3,330,826",286.60M
306,ITCI,"Intra-Cellular Therapies, Inc.",https://stockanalysis.com/stocks/itci/,-1.62,n/a,n/a,Dr. Sharon Mates Ph.D.,128.59%,71.93,"375,801",6.91B
307,KLAC,KLA Corporation,https://stockanalysis.com/stocks/klac/,22.32,26.00,$5.80 (1.00%),1975,128.13%,581.49,"268,112",79.03B
308,WCC,"WESCO International, Inc.",https://stockanalysis.com/stocks/wcc/,15.00,11.68,$1.50 (0.86%),1999,127.95%,174.34,"176,063",8.91B
309,HRI,Herc Holdings Inc.,https://stockanalysis.com/stocks/hri/,12.16,12.28,$2.53 (1.69%),1965,127.11%,149.54,"57,175",4.23B
310,BBCP,"Concrete Pumping Holdings, Inc.",https://stockanalysis.com/stocks/bbcp/,0.52,15.78,n/a,2017,126.98%,8.26,"10,480",449.99M
311,UFPI,"UFP Industries, Inc.",https://stockanalysis.com/stocks/ufpi/,8.52,14.81,$1.20 (0.95%),1993,126.44%,126.23,"65,183",7.80B
312,PCVX,"Vaxcyte, Inc.",https://stockanalysis.com/stocks/pcvx/,-3.33,n/a,n/a,2020,126.42%,63.22,"314,324",6.01B
313,AMKR,"Amkor Technology, Inc.",https://stockanalysis.com/stocks/amkr/,1.64,20.36,$0.32 (0.94%),1998,126.35%,33.42,"354,124",8.21B
314,WINA,Winmark Corporation,https://stockanalysis.com/stocks/wina/,11.25,37.42,$2.30 (0.55%),1993,126.23%,419.37,"17,611",1.47B
315,AVDL,Avadel Pharmaceuticals plc,https://stockanalysis.com/stocks/avdl/,-2.16,n/a,n/a,1996,125.76%,14.19,"360,956",1.34B
316,NOA,North American Construction Group Ltd.,https://stockanalysis.com/stocks/noa/,1.77,11.88,$0.29 (1.41%),2006,125.30%,20.89,"28,086",581.87M
317,AMEH,"Apollo Medical Holdings, Inc.",https://stockanalysis.com/stocks/ameh/,0.90,42.86,n/a,1994,125.06%,38.31,"77,249",2.23B
318,MEDP,"Medpace Holdings, Inc.",https://stockanalysis.com/stocks/medp/,8.52,36.07,n/a,2016,124.76%,306.94,"89,348",9.41B
319,CRESY,Cresud S.A.C.I.F. y A.,https://stockanalysis.com/stocks/cresy/,0.79,6.80,$0.69 (7.33%),1997,124.72%,9.46,"202,999",633.85M
320,NEXT,NextDecade Corporation,https://stockanalysis.com/stocks/next/,-0.77,n/a,n/a,Matthew K. Schatzman,124.43%,4.79,"485,224",1.23B
301,GNK,Genco Shipping & Trading Limited,https://stockanalysis.com/stocks/gnk/,0.25,66.36,$0.60 (3.62%),2005,124.72%,9.46,"207,561",634.52M
322,NEXT,NextDecade Corporation,https://stockanalysis.com/stocks/next/,-0.77,n/a,n/a,Matthew K. Schatzman,124.43%,4.78,"499,858",1.23B
323,AIT,"Applied Industrial Technologies, Inc.",https://stockanalysis.com/stocks/ait/,9.26,18.73,$1.40 (0.81%),1923,123.79%,172.68,"64,463",6.69B
324,ARC,"ARC Document Solutions, Inc.",https://stockanalysis.com/stocks/arc/,0.25,12.80,$0.20 (6.18%),2005,122.70%,3.24,"113,050",138.98M
325,NGL,NGL Energy Partners LP,https://stockanalysis.com/stocks/ngl/,-0.49,n/a,n/a,2011,122.05%,5.56,"496,345",732.85M
326,ET,Energy Transfer LP,https://stockanalysis.com/stocks/et/,1.06,12.97,$1.25 (9.08%),2006,121.53%,13.77,"8,524,002",46.29B
327,GRBK,"Green Brick Partners, Inc.",https://stockanalysis.com/stocks/grbk/,5.76,9.03,n/a,James R. Brickman,121.19%,51.95,"100,098",2.36B
328,OLN,Olin Corporation,https://stockanalysis.com/stocks/oln/,4.61,11.73,$0.80 (1.48%),1892,121.04%,53.95,"561,337",6.61B
329,AN,"AutoNation, Inc.",https://stockanalysis.com/stocks/an/,23.40,6.45,n/a,1991,120.81%,150.16,"144,727",6.39B
330,SKE,Skeena Resources Limited,https://stockanalysis.com/stocks/ske/,-1.11,n/a,n/a,1979,120.71%,4.89,"136,935",434.13M
331,EURN,Euronav NV,https://stockanalysis.com/stocks/eurn/,3.41,5.17,$3.20 (18.17%),Alexander Saverys,120.44%,17.61,"981,953",3.56B
332,OPCH,"Option Care Health, Inc.",https://stockanalysis.com/stocks/opch/,1.41,23.99,n/a,John C. Rademacher,120.34%,33.70,"559,672",5.97B
333,COOP,Mr. Cooper Group Inc.,https://stockanalysis.com/stocks/coop/,6.78,9.61,n/a,Jesse K. Bray,120.25%,65.05,"203,842",4.28B
334,UBS,UBS Group AG,https://stockanalysis.com/stocks/ubs/,2.67,3.27,$0.55 (1.79%),1862,120.20%,30.85,"5,386,760",99.63B
335,DINO,HF Sinclair Corporation,https://stockanalysis.com/stocks/dino/,11.57,4.82,$1.80 (3.24%),1947,120.02%,55.56,"570,782",12.19B
336,CNVS,Cineverse Corp.,https://stockanalysis.com/stocks/cnvs/,-0.14,n/a,n/a,2003,119.61%,1.36,"136,788",12.55M
337,LPLA,LPL Financial Holdings Inc.,https://stockanalysis.com/stocks/lpla/,14.73,15.47,$1.20 (0.53%),2010,118.99%,227.46,"183,174",17.19B
338,CRT,Cross Timbers Royalty Trust,https://stockanalysis.com/stocks/crt/,-0.02,n/a,$1.92 (11.00%),1992,118.84%,17.49,"55,093",105.39M
339,AZO,"AutoZone, Inc.",https://stockanalysis.com/stocks/azo/,137.57,18.64,n/a,1991,118.75%,"2,579.90","72,949",44.60B
340,BZH,"Beazer Homes USA, Inc.",https://stockanalysis.com/stocks/bzh/,5.16,6.61,n/a,1994,118.67%,33.88,"233,612",1.07B
321,CRESY,Cresud S.A.C.I.F. y A.,https://stockanalysis.com/stocks/cresy/,0.79,6.80,$0.69 (7.33%),1997,118.36%,4.55,"1,169,613",1.03B
342,KRYS,"Krystal Biotech, Inc.",https://stockanalysis.com/stocks/krys/,-1.47,n/a,n/a,2017,117.60%,123.83,"166,406",3.50B
343,ENVA,"Enova International, Inc.",https://stockanalysis.com/stocks/enva/,5.90,9.59,n/a,2011,117.58%,55.33,"124,599",1.65B
344,BECN,"Beacon Roofing Supply, Inc.",https://stockanalysis.com/stocks/becn/,-1.04,n/a,n/a,2004,117.54%,87.07,"350,711",5.51B
345,SUN,Sunoco LP,https://stockanalysis.com/stocks/sun/,5.55,11.20,$3.37 (5.62%),Joseph Kim,117.47%,59.96,"302,659",6.04B
346,XPO,"XPO Logistics, Inc.",https://stockanalysis.com/stocks/xpo/,0.31,290.42,n/a,2000,117.39%,87.82,"710,983",10.18B
347,AGYS,"Agilysys, Inc.",https://stockanalysis.com/stocks/agys/,0.47,184.11,n/a,1963,117.26%,84.75,"37,889",2.15B
348,RRR,"Red Rock Resorts, Inc.",https://stockanalysis.com/stocks/rrr/,3.49,15.35,$1.00 (1.88%),2016,117.23%,53.26,"177,480",5.56B
349,TS,Tenaris S.A.,https://stockanalysis.com/stocks/ts/,7.00,5.78,$1.08 (3.11%),2001,117.06%,34.78,"1,053,010",20.52B
350,DHI,"D.R. Horton, Inc.",https://stockanalysis.com/stocks/dhi/,13.82,10.97,$1.20 (0.79%),1992,117.02%,151.82,"808,319",50.58B
351,SSD,"Simpson Manufacturing Co., Inc.",https://stockanalysis.com/stocks/ssd/,8.34,23.82,$1.08 (0.54%),1994,116.03%,198.29,"102,834",8.45B
352,INTT,inTEST Corporation,https://stockanalysis.com/stocks/intt/,1.03,12.87,n/a,1997,114.75%,13.55,"115,836",164.42M
353,CF,"CF Industries Holdings, Inc.",https://stockanalysis.com/stocks/cf/,10.74,7.37,$1.60 (2.01%),2005,114.49%,79.52,"803,846",15.19B
354,THR,"Thermon Group Holdings, Inc.",https://stockanalysis.com/stocks/thr/,1.23,27.30,n/a,2011,114.48%,32.59,"105,235",1.10B
355,LEN.B,Lennar Corporation,https://stockanalysis.com/stocks/len.b/,13.48,9.96,$1.50 (1.12%),1954,113.77%,133.91,"35,152",41.80B
356,MTRN,Materion Corporation,https://stockanalysis.com/stocks/mtrn/,5.03,26.07,$0.52 (0.40%),1931,113.65%,130.31,"68,243",2.69B
357,AAOI,"Applied Optoelectronics, Inc.",https://stockanalysis.com/stocks/aaoi/,-2.11,n/a,n/a,2013,112.84%,19.35,"6,918,134",688.34M
358,SWN,Southwestern Energy Company,https://stockanalysis.com/stocks/swn/,4.61,1.43,n/a,1929,112.50%,6.55,"6,316,690",7.21B
359,RUSHB,"Rush Enterprises, Inc.",https://stockanalysis.com/stocks/rushb/,4.35,11.99,$0.68 (1.28%),1965,112.49%,52.95,"11,174",3.98B
360,GOGL,Golden Ocean Group Limited,https://stockanalysis.com/stocks/gogl/,0.61,15.93,$0.40 (4.10%),1997,111.79%,9.76,"875,952",1.95B
341,ADMA,"ADMA Biologics, Inc.",https://stockanalysis.com/stocks/adma/,-0.11,n/a,n/a,2004,113.65%,130.25,"103,192",2.69B
362,AAOI,"Applied Optoelectronics, Inc.",https://stockanalysis.com/stocks/aaoi/,-2.11,n/a,n/a,2013,112.84%,19.32,"7,064,145",686.21M
363,SWN,Southwestern Energy Company,https://stockanalysis.com/stocks/swn/,4.61,1.43,n/a,1929,112.50%,6.54,"7,572,467",7.21B
364,RUSHB,"Rush Enterprises, Inc.",https://stockanalysis.com/stocks/rushb/,4.35,11.99,$0.68 (1.28%),1965,112.49%,52.99,"23,651",3.99B
365,GOGL,Golden Ocean Group Limited,https://stockanalysis.com/stocks/gogl/,0.61,15.93,$0.40 (4.10%),1997,111.79%,9.77,"1,019,297",1.95B
366,DELL,Dell Technologies Inc.,https://stockanalysis.com/stocks/dell/,3.61,21.18,$1.48 (1.93%),1988,111.10%,76.52,"2,256,777",54.49B
367,KKR,KKR & Co. Inc.,https://stockanalysis.com/stocks/kkr/,3.13,26.56,$0.66 (0.80%),2010,111.07%,82.87,"1,620,215",73.39B
368,ODFL,"Old Dominion Freight Line, Inc.",https://stockanalysis.com/stocks/odfl/,11.24,35.99,$1.60 (0.39%),1991,110.90%,405.35,"374,538",44.25B
369,ACGL,Arch Capital Group Ltd.,https://stockanalysis.com/stocks/acgl/,7.75,9.61,n/a,1995,110.74%,74.32,"899,327",27.74B
370,COR,Cencora,https://stockanalysis.com/stocks/cor/,8.53,23.93,$2.04 (0.99%),2001,110.22%,205.42,"947,761",41.24B
371,NPO,"EnPro Industries, Inc.",https://stockanalysis.com/stocks/npo/,7.38,21.60,$1.16 (0.74%),2002,109.95%,156.85,"57,327",3.28B
372,WES,"Western Midstream Partners, LP",https://stockanalysis.com/stocks/wes/,2.71,10.48,$2.30 (7.86%),2008,109.86%,29.27,"2,381,455",11.09B
373,GTX,Garrett Motion Inc.,https://stockanalysis.com/stocks/gtx/,-1.29,n/a,n/a,Olivier Rabiller,109.61%,9.68,"819,156",2.35B
374,ORLY,"O'Reilly Automotive, Inc.",https://stockanalysis.com/stocks/orly/,37.58,25.27,n/a,1993,109.56%,950.33,"314,084",56.24B
375,SXI,Standex International Corporation,https://stockanalysis.com/stocks/sxi/,11.65,13.76,$1.20 (0.76%),1955,109.39%,158.52,"48,797",1.89B
376,AXON,"Axon Enterprise, Inc.",https://stockanalysis.com/stocks/axon/,1.95,132.35,n/a,1993,109.02%,258.35,"211,997",19.37B
377,OFG,OFG Bancorp,https://stockanalysis.com/stocks/ofg/,3.81,9.93,$0.88 (2.35%),1964,108.83%,37.48,"132,857",1.77B
378,LEGN,Legend Biotech Corporation,https://stockanalysis.com/stocks/legn/,-2.96,n/a,n/a,2020,108.73%,60.32,"456,397",10.95B
379,CCB,Coastal Financial Corporation,https://stockanalysis.com/stocks/ccb/,3.58,12.47,n/a,2018,108.42%,44.25,"13,881",588.37M
380,CRK,"Comstock Resources, Inc.",https://stockanalysis.com/stocks/crk/,2.24,3.97,$0.50 (5.65%),1983,108.08%,8.85,"4,079,695",2.47B
361,MTRN,Materion Corporation,https://stockanalysis.com/stocks/mtrn/,5.03,26.07,$0.52 (0.40%),1931,108.02%,98.50,"154,832",2.17B
382,FINV,FinVolution Group,https://stockanalysis.com/stocks/finv/,1.18,4.15,$0.22 (4.39%),2007,107.84%,4.90,"682,277",1.34B
383,PLPC,Preformed Line Products Company,https://stockanalysis.com/stocks/plpc/,14.67,9.31,$0.80 (0.59%),1947,107.83%,134.47,"30,346",652.20M
384,CXW,"CoreCivic, Inc.",https://stockanalysis.com/stocks/cxw/,0.57,25.32,n/a,1997,107.82%,14.54,"860,590",1.65B
385,EVH,"Evolent Health, Inc.",https://stockanalysis.com/stocks/evh/,-1.02,n/a,n/a,2015,107.76%,33.04,"1,011,229",3.80B
386,HUBB,Hubbell Incorporated,https://stockanalysis.com/stocks/hubb/,12.82,25.55,$4.88 (1.48%),1888,107.28%,329.00,"182,955",17.65B
387,CVI,"CVR Energy, Inc.",https://stockanalysis.com/stocks/cvi/,7.85,3.86,$1.00 (3.30%),2007,107.24%,30.30,"520,159",3.05B
388,PFIE,"Profire Energy, Inc.",https://stockanalysis.com/stocks/pfie/,0.19,9.55,n/a,Cameron M. Tidball,107.07%,1.82,"201,784",86.37M
389,MANH,"Manhattan Associates, Inc.",https://stockanalysis.com/stocks/manh/,2.64,81.70,n/a,1998,106.82%,215.26,"275,755",13.26B
390,KAI,Kadant Inc.,https://stockanalysis.com/stocks/kai/,9.80,28.93,$1.16 (0.41%),1991,106.77%,280.46,"44,516",3.29B
391,CAL,"Caleres, Inc.",https://stockanalysis.com/stocks/cal/,4.37,7.03,$0.28 (0.91%),1878,106.66%,30.70,"317,135",1.09B
392,MDGL,"Madrigal Pharmaceuticals, Inc.",https://stockanalysis.com/stocks/mdgl/,-19.24,n/a,n/a,2011,106.58%,231.56,"310,843",4.58B
393,PTEN,"Patterson-UTI Energy, Inc.",https://stockanalysis.com/stocks/pten/,1.31,8.20,$0.32 (2.96%),1993,106.43%,10.80,"3,138,715",4.51B
394,GDEN,"Golden Entertainment, Inc.",https://stockanalysis.com/stocks/gden/,8.97,4.46,n/a,1999,106.28%,39.95,"119,713",1.14B
395,TRAK,"Park City Group, Inc.",https://stockanalysis.com/stocks/trak/,0.28,35.79,$0.07 (0.66%),1998,105.86%,10.02,"100,966",185.03M
396,ETN,Eaton Corporation plc,https://stockanalysis.com/stocks/etn/,7.47,32.23,$3.44 (1.43%),1916,105.49%,241.04,"909,722",96.26B
397,TMHC,Taylor Morrison Home Corporation,https://stockanalysis.com/stocks/tmhc/,7.90,6.79,n/a,2013,105.20%,53.33,"428,060",5.73B
398,PVL,Permianville Royalty Trust,https://stockanalysis.com/stocks/pvl/,0.74,1.95,$0.28 (19.37%),2011,105.00%,1.44,"195,600",48.02M
399,NRT,North European Oil Royalty Trust,https://stockanalysis.com/stocks/nrt/,2.77,2.15,$2.26 (38.70%),John R. Van Kirk,104.91%,5.84,"138,757",53.67M
400,EPM,Evolution Petroleum Corporation,https://stockanalysis.com/stocks/epm/,0.76,7.61,$0.48 (8.23%),1996,104.79%,5.83,"372,649",194.57M
381,MGPI,"MGP Ingredients, Inc.",https://stockanalysis.com/stocks/mgpi/,4.42,22.36,$0.48 (0.49%),1988,104.61%,55.81,"267,071",4.41B
402,TPH,"Tri Pointe Homes, Inc.",https://stockanalysis.com/stocks/tph/,4.06,8.75,n/a,2009,104.40%,35.40,"290,894",3.44B
403,IMKTA,"Ingles Markets, Incorporated",https://stockanalysis.com/stocks/imkta/,11.10,7.75,$0.66 (0.76%),1963,104.40%,86.38,"106,306",1.64B
404,MTH,Meritage Homes Corporation,https://stockanalysis.com/stocks/mth/,21.63,8.11,$1.08 (0.62%),1988,104.14%,174.19,"94,847",6.35B
405,UNM,Unum Group,https://stockanalysis.com/stocks/unm/,6.19,7.33,$1.46 (3.23%),1986,104.06%,45.26,"485,082",8.82B
406,FTAI,FTAI Aviation Ltd,https://stockanalysis.com/stocks/ftai/,1.21,38.18,$1.20 (2.59%),2015,104.01%,46.40,"437,264",4.65B
407,EXP,Eagle Materials Inc.,https://stockanalysis.com/stocks/exp/,13.66,14.87,$1.00 (0.49%),1994,103.69%,202.85,"73,542",7.08B
408,KOF,"Coca-Cola FEMSA, SAB de CV",https://stockanalysis.com/stocks/kof/,0.28,15.83,$3.19 (3.37%),1993,103.48%,94.70,"49,604",19.88B
409,BX,Blackstone Inc.,https://stockanalysis.com/stocks/bx/,2.38,55.01,$3.20 (2.44%),2007,103.29%,130.94,"1,549,490",158.31B
410,PXD,Pioneer Natural Resources Company,https://stockanalysis.com/stocks/pxd/,20.98,10.69,$13.96 (6.21%),1997,103.28%,224.93,"1,386,698",52.50B
411,CDNS,"Cadence Design Systems, Inc.",https://stockanalysis.com/stocks/cdns/,3.51,77.81,n/a,1987,103.20%,272.46,"792,117",74.10B
412,VST,Vistra Corp.,https://stockanalysis.com/stocks/vst/,3.40,11.33,$0.85 (2.21%),1882,103.03%,38.55,"1,746,008",13.77B
413,USLM,"United States Lime & Minerals, Inc.",https://stockanalysis.com/stocks/uslm/,11.98,19.46,$0.80 (0.35%),1948,102.47%,230.76,"22,980",1.31B
414,LNW,"Light & Wonder, Inc.",https://stockanalysis.com/stocks/lnw/,1.58,51.97,n/a,1984,102.37%,82.12,"337,972",7.39B
415,SNPS,"Synopsys, Inc.",https://stockanalysis.com/stocks/snps/,7.92,64.88,n/a,1992,102.34%,514.66,"736,936",78.26B
416,APCX,AppTech Payments Corp.,https://stockanalysis.com/stocks/apcx/,-1.14,n/a,n/a,2006,102.22%,2.02,"106,181",41.17M
417,ODC,Oil-Dri Corporation of America,https://stockanalysis.com/stocks/odc/,4.85,14.26,$1.16 (1.74%),1941,101.60%,66.82,"32,267",454.29M
418,CSL,Carlisle Companies Incorporated,https://stockanalysis.com/stocks/csl/,14.40,21.68,$3.40 (1.09%),1917,101.60%,312.94,"85,123",15.23B
419,AMP,"Ameriprise Financial, Inc.",https://stockanalysis.com/stocks/amp/,24.63,15.44,$5.40 (1.42%),2005,101.37%,380.19,"203,837",39.01B
420,MARA,"Marathon Digital Holdings, Inc.",https://stockanalysis.com/stocks/mara/,-3.32,n/a,n/a,2010,100.89%,23.50,"143,265,026",5.23B
401,AEL,American Equity Investment Life Holding Company,https://stockanalysis.com/stocks/ael/,8.10,6.90,$0.36 (0.65%),2003,100.53%,84.98,"234,279",3.54B
422,CHX,ChampionX Corporation,https://stockanalysis.com/stocks/chx/,1.51,19.43,$0.34 (1.16%),Sivasankaran Somasundaram,100.34%,29.22,"1,123,180",5.69B
423,GGAL,Grupo Financiero Galicia S.A.,https://stockanalysis.com/stocks/ggal/,0.07,42.68,$1.12 (6.50%),1905,100.23%,17.25,"588,434",2.96B
424,GWW,"W.W. Grainger, Inc.",https://stockanalysis.com/stocks/gww/,35.86,23.16,$7.44 (0.90%),1927,99.64%,829.11,"101,955",41.15B
425,SUM,"Summit Materials, Inc.",https://stockanalysis.com/stocks/sum/,2.62,14.72,n/a,2015,99.39%,38.46,"265,663",4.59B
426,REVG,"REV Group, Inc.",https://stockanalysis.com/stocks/revg/,0.77,24.10,$0.20 (1.10%),2017,99.36%,18.16,"134,864",1.08B
427,CCS,"Century Communities, Inc.",https://stockanalysis.com/stocks/ccs/,7.73,11.76,$0.92 (1.01%),2014,99.06%,91.18,"118,742",2.90B
428,IRMD,IRadimed Corporation,https://stockanalysis.com/stocks/irmd/,1.30,36.17,n/a,2014,98.96%,48.38,"50,870",598.39M
429,NVMI,Nova Ltd.,https://stockanalysis.com/stocks/nvmi/,4.22,32.71,n/a,2000,98.84%,137.35,"54,117",3.98B
430,FTNT,"Fortinet, Inc.",https://stockanalysis.com/stocks/ftnt/,1.44,40.65,n/a,2009,98.74%,58.54,"2,878,901",44.95B
431,MACK,"Merrimack Pharmaceuticals, Inc.",https://stockanalysis.com/stocks/mack/,-0.10,n/a,n/a,2012,98.66%,13.47,"55,757",192.04M
432,PGTI,"PGT Innovations, Inc.",https://stockanalysis.com/stocks/pgti/,1.92,21.20,n/a,2006,98.60%,40.71,"387,419",2.32B
433,BLD,TopBuild Corp.,https://stockanalysis.com/stocks/bld/,19.24,19.59,n/a,Robert M. Buck,97.86%,374.40,"69,928",11.90B
434,AMTX,"Aemetis, Inc.",https://stockanalysis.com/stocks/amtx/,-1.31,n/a,n/a,2005,96.80%,5.25,"739,731",207.01M
435,MATX,"Matson, Inc.",https://stockanalysis.com/stocks/matx/,9.02,12.19,$1.28 (1.17%),1882,96.58%,109.57,"94,113",3.82B
436,HROW,"Harrow Health, Inc.",https://stockanalysis.com/stocks/hrow/,-0.45,n/a,n/a,1998,96.55%,11.21,"430,289",393.32M
437,AMAL,Amalgamated Financial Corp.,https://stockanalysis.com/stocks/amal/,2.91,9.31,$0.40 (1.48%),2018,96.40%,26.99,"250,930",818.80M
438,TDC,Teradata Corporation,https://stockanalysis.com/stocks/tdc/,0.61,71.27,n/a,2007,96.22%,43.50,"293,878",4.26B
439,CVCO,"Cavco Industries, Inc.",https://stockanalysis.com/stocks/cvco/,22.11,15.75,n/a,1965,95.88%,347.15,"72,229",2.89B
440,APG,APi Group Corporation,https://stockanalysis.com/stocks/apg/,0.36,96.33,n/a,1926,95.55%,34.59,"565,623",8.29B
421,OTTR,Otter Tail Corporation,https://stockanalysis.com/stocks/ottr/,6.63,12.91,$1.75 (2.06%),1907,95.51%,55.18,"241,416",1.13B
442,OC,Owens Corning,https://stockanalysis.com/stocks/oc/,13.04,11.38,$2.40 (1.62%),1938,95.39%,148.23,"266,975",13.17B
443,CW,Curtiss-Wright Corporation,https://stockanalysis.com/stocks/cw/,8.92,24.98,$0.80 (0.36%),1929,95.27%,222.86,"69,921",8.52B
444,MRAM,"Everspin Technologies, Inc.",https://stockanalysis.com/stocks/mram/,0.35,25.80,n/a,2016,95.14%,9.06,"69,943",190.05M
445,HWM,Howmet Aerospace Inc.,https://stockanalysis.com/stocks/hwm/,1.53,35.48,$0.20 (0.37%),John C. Plant FCA,95.13%,54.18,"1,341,928",22.29B
446,CRAI,"CRA International, Inc.",https://stockanalysis.com/stocks/crai/,4.97,19.89,$1.68 (1.71%),1998,95.12%,98.46,"42,033",692.12M
447,PSX,Phillips 66,https://stockanalysis.com/stocks/psx/,16.57,8.05,$4.20 (3.16%),2012,95.10%,133.12,"1,577,045",58.58B
448,STR,Sitio Royalties Corp.,https://stockanalysis.com/stocks/str/,0.18,130.78,$1.99 (8.47%),2016,94.98%,23.50,"328,518",3.69B
449,APO,"Apollo Global Management, Inc.",https://stockanalysis.com/stocks/apo/,4.74,19.73,$1.72 (1.84%),2011,94.18%,93.26,"2,066,173",52.89B
450,HAL,Halliburton Company,https://stockanalysis.com/stocks/hal/,2.91,12.43,$0.64 (1.77%),1919,94.07%,36.15,"3,796,185",32.35B
451,GE,General Electric Company,https://stockanalysis.com/stocks/ge/,8.85,14.49,$0.32 (0.25%),1892,93.82%,127.61,"2,571,892",138.94B
452,MUFG,"Mitsubishi UFJ Financial Group, Inc.",https://stockanalysis.com/stocks/mufg/,0.34,8.17,$0.25 (2.90%),2001,93.68%,8.61,"1,989,572",100.47B
453,WSM,"Williams-Sonoma, Inc.",https://stockanalysis.com/stocks/wsm/,14.37,14.05,$3.60 (1.78%),1956,93.55%,201.86,"409,702",12.95B
454,CNX,CNX Resources Corporation,https://stockanalysis.com/stocks/cnx/,12.25,1.64,n/a,1999,93.51%,20.01,"1,481,462",3.18B
455,REX,REX American Resources Corporation,https://stockanalysis.com/stocks/rex/,2.78,17.23,n/a,1980,93.41%,47.28,"72,742",826.70M
456,BRY,Berry Corporation,https://stockanalysis.com/stocks/bry/,0.55,12.85,$0.12 (1.68%),1909,93.17%,7.02,"542,527",531.94M
457,WSC,WillScot Mobile Mini Holdings Corp.,https://stockanalysis.com/stocks/wsc/,2.29,19.41,n/a,Bradley Lee Soultz,93.16%,44.52,"852,128",8.53B
458,SJT,San Juan Basin Royalty Trust,https://stockanalysis.com/stocks/sjt/,-0.03,n/a,$1.11 (21.85%),1980,92.75%,5.07,"895,678",236.31M
459,GEL,"Genesis Energy, L.P.",https://stockanalysis.com/stocks/gel/,0.44,26.48,$0.60 (5.17%),1996,92.56%,11.60,"254,294",1.42B
460,AMAT,"Applied Materials, Inc.",https://stockanalysis.com/stocks/amat/,8.11,20.14,$1.28 (0.79%),1967,92.23%,162.07,"2,980,155",134.69B
441,ANIP,"ANI Pharmaceuticals, Inc.",https://stockanalysis.com/stocks/anip/,0.51,107.49,n/a,2001,91.91%,15.07,"309,916",2.83B
462,ODP,The ODP Corporation,https://stockanalysis.com/stocks/odp/,4.77,11.74,n/a,1986,91.78%,56.32,"220,803",2.10B
463,FC,Franklin Covey Co.,https://stockanalysis.com/stocks/fc/,1.24,34.65,n/a,1992,91.57%,43.55,"79,243",578.61M
464,SHEL,Shell plc,https://stockanalysis.com/stocks/shel/,11.42,7.80,$2.47 (3.76%),1907,91.35%,65.84,"2,859,114",214.28B
465,CBT,Cabot Corporation,https://stockanalysis.com/stocks/cbt/,7.73,10.87,$1.60 (1.92%),2019,91.27%,83.50,"115,132",4.62B
466,LEN,Lennar Corporation,https://stockanalysis.com/stocks/len/,13.76,10.83,$1.50 (1.01%),1954,91.10%,149.06,"964,341",41.87B
467,NAVI,Navient Corporation,https://stockanalysis.com/stocks/navi/,2.85,6.54,$0.64 (3.44%),1973,90.89%,18.60,"555,525",2.19B
468,LPX,Louisiana-Pacific Corporation,https://stockanalysis.com/stocks/lpx/,1.46,48.75,$0.96 (1.35%),1973,90.84%,70.90,"188,738",5.11B
469,ACM,AECOM,https://stockanalysis.com/stocks/acm/,0.39,236.65,$0.88 (0.95%),2007,90.69%,92.43,"213,368",12.57B
470,CBOE,"Cboe Global Markets, Inc.",https://stockanalysis.com/stocks/cboe/,6.64,26.77,$2.20 (1.23%),2010,90.55%,178.65,"167,084",13.35B
471,THC,Tenet Healthcare Corporation,https://stockanalysis.com/stocks/thc/,4.38,17.27,n/a,Dr. Saumya Sutaria M.D.,90.27%,75.56,"270,565",7.67B
472,SPXC,"SPX Technologies, Inc.",https://stockanalysis.com/stocks/spxc/,0.66,154.20,n/a,1912,90.09%,101.08,"118,887",4.61B
473,EQNR,Equinor ASA,https://stockanalysis.com/stocks/eqnr/,9.03,5.69,$1.84 (5.83%),1972,89.90%,31.65,"1,409,420",93.80B
474,USAC,"USA Compression Partners, LP",https://stockanalysis.com/stocks/usac/,0.15,159.47,$2.10 (9.17%),1998,89.80%,22.89,"239,525",2.25B
475,MFIN,Medallion Financial Corp.,https://stockanalysis.com/stocks/mfin/,2.34,4.22,$0.40 (4.06%),1996,89.10%,9.87,"30,407",230.13M
476,GPRE,Green Plains Inc.,https://stockanalysis.com/stocks/gpre/,-2.41,n/a,n/a,2004,89.00%,25.23,"626,438",1.50B
477,LECO,"Lincoln Electric Holdings, Inc.",https://stockanalysis.com/stocks/leco/,8.54,25.59,$2.84 (1.31%),1895,88.90%,217.66,"178,301",12.44B
478,CAH,"Cardinal Health, Inc.",https://stockanalysis.com/stocks/cah/,0.63,160.03,$2.00 (1.99%),1979,88.49%,100.80,"1,093,481",24.84B
479,GVA,Granite Construction Incorporated,https://stockanalysis.com/stocks/gva/,0.35,145.60,$0.52 (1.02%),1990,88.41%,50.84,"124,496",2.23B
480,SFL,SFL Corporation Ltd.,https://stockanalysis.com/stocks/sfl/,1.53,14.56,$1.00 (8.85%),2003,88.39%,11.30,"702,964",1.55B
